{
  "random_forest": {
    "model": "RF + AE",
    "accuracy": 0.9775978915662651,
    "precision": 0.6803632236095346,
    "recall": 0.9207373271889401,
    "f1": 0.7825065274151436,
    "roc_auc": 0.9898945843813236,
    "confusion_matrix": [
      [
        69705,
        1408
      ],
      [
        258,
        2997
      ]
    ],
    "classification_report": {
      "0": {
        "precision": 0.9963123365207324,
        "recall": 0.9802005259235301,
        "f1-score": 0.9881907624259264,
        "support": 71113.0
      },
      "1": {
        "precision": 0.6803632236095346,
        "recall": 0.9207373271889401,
        "f1-score": 0.7825065274151436,
        "support": 3255.0
      },
      "accuracy": 0.9775978915662651,
      "macro avg": {
        "precision": 0.8383377800651335,
        "recall": 0.9504689265562352,
        "f1-score": 0.885348644920535,
        "support": 74368.0
      },
      "weighted avg": {
        "precision": 0.9824836149936516,
        "recall": 0.9775978915662651,
        "f1-score": 0.9791882050765274,
        "support": 74368.0
      }
    }
  },
  "xgboost": {
    "model": "XGB + AE",
    "accuracy": 0.9685751936316696,
    "precision": 0.5880660015349194,
    "recall": 0.9416282642089093,
    "f1": 0.7239872445966694,
    "roc_auc": 0.9912571504347064,
    "confusion_matrix": [
      [
        68966,
        2147
      ],
      [
        190,
        3065
      ]
    ],
    "classification_report": {
      "0": {
        "precision": 0.9972525883509746,
        "recall": 0.9698086144586784,
        "f1-score": 0.9833391554798281,
        "support": 71113.0
      },
      "1": {
        "precision": 0.5880660015349194,
        "recall": 0.9416282642089093,
        "f1-score": 0.7239872445966694,
        "support": 3255.0
      },
      "accuracy": 0.9685751936316696,
      "macro avg": {
        "precision": 0.792659294942947,
        "recall": 0.9557184393337939,
        "f1-score": 0.8536632000382487,
        "support": 74368.0
      },
      "weighted avg": {
        "precision": 0.9793429721170265,
        "recall": 0.9685751936316696,
        "f1-score": 0.9719876270008494,
        "support": 74368.0
      }
    }
  }
}