{
  "model": "LDA",
  "rows": 371836,
  "num_features": 31,
  "class_distribution": {
    "0": 355563,
    "1": 16273
  },
  "accuracy": 0.9597676419965576,
  "precision": 0.5698353690918747,
  "recall": 0.3296466973886329,
  "f1": 0.41767224601012065,
  "confusion_matrix": [
    [
      70303,
      810
    ],
    [
      2182,
      1073
    ]
  ],
  "classification_report": {
    "0": {
      "precision": 0.9698972201145064,
      "recall": 0.9886096775554399,
      "f1-score": 0.9791640552096826,
      "support": 71113.0
    },
    "1": {
      "precision": 0.5698353690918747,
      "recall": 0.3296466973886329,
      "f1-score": 0.41767224601012065,
      "support": 3255.0
    },
    "accuracy": 0.9597676419965576,
    "macro avg": {
      "precision": 0.7698662946031906,
      "recall": 0.6591281874720364,
      "f1-score": 0.6984181506099016,
      "support": 74368.0
    },
    "weighted avg": {
      "precision": 0.9523869828474202,
      "recall": 0.9597676419965576,
      "f1-score": 0.9545882183047696,
      "support": 74368.0
    }
  },
  "roc_auc": 0.8910052569240149
}