{
  "random_forest": {
    "model": "Random Forest + LDA",
    "accuracy": 0.8780792814113597,
    "precision": 0.21857447220608173,
    "recall": 0.693394777265745,
    "f1": 0.33237611368824094,
    "roc_auc": 0.8928435656688237,
    "confusion_matrix": [
      [
        63044,
        8069
      ],
      [
        998,
        2257
      ]
    ],
    "classification_report": {
      "0": {
        "precision": 0.984416476687174,
        "recall": 0.8865327014751171,
        "f1-score": 0.93291406163294,
        "support": 71113.0
      },
      "1": {
        "precision": 0.21857447220608173,
        "recall": 0.693394777265745,
        "f1-score": 0.33237611368824094,
        "support": 3255.0
      },
      "accuracy": 0.8780792814113597,
      "macro avg": {
        "precision": 0.6014954744466279,
        "recall": 0.7899637393704311,
        "f1-score": 0.6326450876605905,
        "support": 74368.0
      },
      "weighted avg": {
        "precision": 0.9508964717847166,
        "recall": 0.8780792814113597,
        "f1-score": 0.9066292211026046,
        "support": 74368.0
      }
    }
  },
  "xgboost": {
    "model": "XGBoost + LDA",
    "accuracy": 0.8027646299483648,
    "precision": 0.16223734832790768,
    "recall": 0.8420890937019969,
    "f1": 0.2720595533498759,
    "roc_auc": 0.9069701143955069,
    "confusion_matrix": [
      [
        56959,
        14154
      ],
      [
        514,
        2741
      ]
    ],
    "classification_report": {
      "0": {
        "precision": 0.9910566700885634,
        "recall": 0.8009646618761689,
        "f1-score": 0.8859284836607406,
        "support": 71113.0
      },
      "1": {
        "precision": 0.16223734832790768,
        "recall": 0.8420890937019969,
        "f1-score": 0.2720595533498759,
        "support": 3255.0
      },
      "accuracy": 0.8027646299483648,
      "macro avg": {
        "precision": 0.5766470092082355,
        "recall": 0.821526877789083,
        "f1-score": 0.5789940185053083,
        "support": 74368.0
      },
      "weighted avg": {
        "precision": 0.9547802219881582,
        "recall": 0.8027646299483648,
        "f1-score": 0.859060161692127,
        "support": 74368.0
      }
    }
  }
}